participant_id,stim_type,rt,correct
10,congruent,868,TRUE
10,incongruent,477,TRUE
10,congruent,438,TRUE
10,congruent,491,TRUE
10,congruent,570,TRUE
10,incongruent,751,TRUE
10,incongruent,637,TRUE
10,incongruent,610,TRUE
10,incongruent,672,TRUE
10,incongruent,570,TRUE
10,incongruent,542,TRUE
10,incongruent,658,TRUE
10,congruent,522,TRUE
10,congruent,908,TRUE
10,congruent,625,TRUE
10,congruent,544,TRUE
10,tight,488,TRUE
10,tight,526,TRUE
10,loose,622,TRUE
10,loose,530,TRUE
10,tight,556,TRUE
10,tight,540,TRUE
10,loose,403,TRUE
10,tight,486,TRUE
10,tight,475,TRUE
10,loose,579,TRUE
10,loose,460,TRUE
10,loose,605,TRUE
10,loose,626,TRUE
10,loose,402,TRUE
10,tight,643,TRUE
10,tight,618,TRUE
20,incongruent,1054,FALSE
20,incongruent,null,FALSE
20,congruent,805,TRUE
20,congruent,1120,FALSE
20,incongruent,1411,FALSE
20,congruent,670,TRUE
20,congruent,725,TRUE
20,incongruent,null,FALSE
20,congruent,802,TRUE
20,incongruent,747,FALSE
20,congruent,648,TRUE
20,congruent,511,TRUE
20,incongruent,838,FALSE
20,incongruent,974,FALSE
20,congruent,572,TRUE
20,incongruent,1333,FALSE
20,tight,573,TRUE
20,loose,593,TRUE
20,loose,680,TRUE
20,loose,1149,TRUE
20,tight,577,TRUE
20,loose,435,TRUE
20,tight,543,TRUE
20,loose,594,TRUE
20,tight,448,TRUE
20,loose,543,TRUE
20,tight,559,TRUE
20,loose,426,TRUE
20,tight,370,FALSE
20,loose,612,TRUE
20,tight,506,TRUE
20,tight,472,TRUE
6,incongruent,521,TRUE
6,congruent,376,TRUE
6,congruent,353,TRUE
6,congruent,357,TRUE
6,incongruent,401,TRUE
6,incongruent,336,TRUE
6,congruent,420,TRUE
6,congruent,376,TRUE
6,incongruent,312,FALSE
6,incongruent,487,TRUE
6,congruent,427,TRUE
6,congruent,568,TRUE
6,incongruent,502,TRUE
6,incongruent,566,TRUE
6,congruent,507,TRUE
6,incongruent,448,TRUE
6,tight,420,TRUE
6,loose,886,TRUE
6,loose,616,TRUE
6,tight,594,TRUE
6,loose,516,TRUE
6,loose,445,TRUE
6,tight,914,TRUE
6,loose,367,TRUE
6,tight,456,TRUE
6,loose,447,TRUE
6,tight,414,TRUE
6,tight,422,TRUE
6,loose,457,TRUE
6,tight,416,TRUE
6,loose,428,TRUE
6,tight,409,TRUE
5,incongruent,1071,TRUE
5,congruent,744,TRUE
5,incongruent,null,FALSE
5,congruent,468,TRUE
5,congruent,480,TRUE
5,incongruent,526,TRUE
5,congruent,498,TRUE
5,congruent,447,TRUE
5,incongruent,476,FALSE
5,incongruent,642,TRUE
5,congruent,429,TRUE
5,incongruent,726,TRUE
5,congruent,504,TRUE
5,incongruent,795,TRUE
5,incongruent,568,TRUE
5,congruent,503,TRUE
5,tight,589,TRUE
5,tight,365,TRUE
5,loose,801,TRUE
5,tight,434,TRUE
5,loose,345,TRUE
5,tight,399,TRUE
5,tight,332,TRUE
5,tight,339,FALSE
5,tight,569,TRUE
5,loose,485,TRUE
5,loose,536,TRUE
5,loose,409,TRUE
5,loose,551,TRUE
5,loose,443,TRUE
5,tight,475,TRUE
5,loose,567,TRUE
23,congruent,null,FALSE
23,incongruent,null,FALSE
23,incongruent,null,FALSE
23,congruent,818,TRUE
23,incongruent,862,TRUE
23,incongruent,682,TRUE
23,congruent,641,TRUE
23,incongruent,945,TRUE
23,congruent,673,TRUE
23,congruent,623,TRUE
23,incongruent,752,TRUE
23,incongruent,738,TRUE
23,incongruent,604,TRUE
23,congruent,694,TRUE
23,congruent,556,TRUE
23,congruent,523,TRUE
23,loose,565,TRUE
23,tight,533,TRUE
23,loose,535,TRUE
23,loose,552,TRUE
23,loose,471,FALSE
23,loose,680,TRUE
23,loose,547,TRUE
23,loose,507,TRUE
23,tight,470,TRUE
23,tight,475,TRUE
23,loose,594,TRUE
23,tight,500,TRUE
23,tight,525,TRUE
23,tight,486,TRUE
23,tight,766,TRUE
23,tight,601,TRUE
12,congruent,672,FALSE
12,incongruent,720,FALSE
12,incongruent,679,FALSE
12,congruent,511,FALSE
12,congruent,502,FALSE
12,incongruent,406,FALSE
12,incongruent,517,FALSE
12,incongruent,539,FALSE
12,incongruent,462,FALSE
12,congruent,411,FALSE
12,congruent,410,FALSE
12,congruent,512,FALSE
12,congruent,536,FALSE
12,incongruent,604,FALSE
12,incongruent,509,FALSE
12,congruent,479,FALSE
12,tight,467,FALSE
12,tight,433,FALSE
12,tight,470,FALSE
12,loose,724,FALSE
12,loose,419,FALSE
12,loose,397,FALSE
12,tight,396,FALSE
12,tight,392,FALSE
12,loose,385,FALSE
12,tight,434,FALSE
12,tight,440,FALSE
12,loose,436,FALSE
12,loose,381,FALSE
12,loose,395,FALSE
12,loose,355,FALSE
12,tight,441,FALSE
7,congruent,860,TRUE
7,congruent,549,TRUE
7,congruent,547,TRUE
7,congruent,547,TRUE
7,incongruent,753,TRUE
7,incongruent,571,TRUE
7,incongruent,857,TRUE
7,congruent,555,TRUE
7,incongruent,782,TRUE
7,incongruent,563,TRUE
7,congruent,484,TRUE
7,incongruent,557,TRUE
7,congruent,428,TRUE
7,incongruent,531,TRUE
7,incongruent,761,TRUE
7,congruent,487,TRUE
7,loose,526,TRUE
7,tight,488,TRUE
7,loose,522,TRUE
7,tight,410,TRUE
7,loose,467,TRUE
7,loose,525,TRUE
7,loose,486,TRUE
7,tight,494,TRUE
7,tight,459,TRUE
7,tight,443,TRUE
7,loose,468,TRUE
7,tight,473,TRUE
7,tight,440,TRUE
7,tight,478,TRUE
7,loose,408,TRUE
7,loose,380,TRUE
25,incongruent,641,TRUE
25,congruent,463,TRUE
25,incongruent,550,TRUE
25,congruent,487,TRUE
25,congruent,461,TRUE
25,incongruent,528,TRUE
25,incongruent,528,TRUE
25,incongruent,580,TRUE
25,incongruent,510,TRUE
25,congruent,457,TRUE
25,incongruent,556,TRUE
25,congruent,421,TRUE
25,congruent,409,TRUE
25,incongruent,472,TRUE
25,congruent,440,TRUE
25,congruent,483,TRUE
25,loose,544,TRUE
25,tight,445,TRUE
25,loose,365,TRUE
25,tight,458,TRUE
25,loose,492,TRUE
25,loose,507,TRUE
25,tight,450,TRUE
25,tight,654,TRUE
25,loose,398,TRUE
25,tight,432,TRUE
25,tight,452,TRUE
25,loose,382,TRUE
25,loose,429,TRUE
25,loose,513,TRUE
25,tight,451,TRUE
25,tight,492,TRUE
32,congruent,1364,TRUE
32,incongruent,941,TRUE
32,congruent,682,TRUE
32,incongruent,643,TRUE
32,incongruent,696,TRUE
32,congruent,604,TRUE
32,incongruent,655,TRUE
32,congruent,630,TRUE
32,incongruent,671,TRUE
32,congruent,432,TRUE
32,congruent,374,TRUE
32,congruent,552,TRUE
32,congruent,443,TRUE
32,incongruent,469,TRUE
32,incongruent,707,FALSE
32,incongruent,733,TRUE
32,tight,671,TRUE
32,loose,487,TRUE
32,tight,666,TRUE
32,loose,636,TRUE
32,tight,540,TRUE
32,tight,608,TRUE
32,loose,646,TRUE
32,loose,540,TRUE
32,loose,462,TRUE
32,tight,600,TRUE
32,tight,483,TRUE
32,loose,543,TRUE
32,loose,486,TRUE
32,tight,547,TRUE
32,loose,523,TRUE
32,tight,310,FALSE
39,incongruent,null,FALSE
39,congruent,1169,TRUE
39,congruent,682,TRUE
39,congruent,1223,TRUE
39,incongruent,906,FALSE
39,congruent,null,FALSE
39,incongruent,805,FALSE
39,incongruent,701,FALSE
39,congruent,998,TRUE
39,congruent,681,TRUE
39,incongruent,1116,FALSE
39,incongruent,1113,TRUE
39,incongruent,1051,TRUE
39,incongruent,1204,FALSE
39,congruent,601,TRUE
39,congruent,null,FALSE
39,loose,null,FALSE
39,loose,null,FALSE
39,loose,null,FALSE
39,loose,null,FALSE
39,tight,1081,TRUE
39,tight,770,FALSE
39,tight,1064,TRUE
39,tight,671,TRUE
39,tight,770,TRUE
39,loose,728,TRUE
39,loose,864,TRUE
39,tight,870,TRUE
39,tight,975,TRUE
39,tight,672,TRUE
39,loose,776,TRUE
39,loose,714,TRUE
26,congruent,1181,TRUE
26,congruent,534,TRUE
26,congruent,556,TRUE
26,congruent,472,TRUE
26,incongruent,605,FALSE
26,incongruent,460,FALSE
26,incongruent,534,FALSE
26,incongruent,831,FALSE
26,congruent,580,TRUE
26,incongruent,660,TRUE
26,incongruent,865,FALSE
26,incongruent,860,FALSE
26,incongruent,745,FALSE
26,congruent,573,TRUE
26,congruent,546,TRUE
26,congruent,430,TRUE
26,tight,663,TRUE
26,loose,1047,TRUE
26,loose,905,TRUE
26,loose,455,TRUE
26,tight,908,TRUE
26,tight,424,TRUE
26,tight,402,TRUE
26,loose,405,TRUE
26,loose,416,TRUE
26,loose,431,TRUE
26,loose,383,FALSE
26,tight,443,TRUE
26,loose,491,TRUE
26,tight,459,TRUE
26,tight,443,TRUE
26,tight,493,TRUE
9,incongruent,1176,TRUE
9,congruent,676,TRUE
9,congruent,476,TRUE
9,incongruent,593,TRUE
9,incongruent,585,TRUE
9,congruent,711,TRUE
9,congruent,496,TRUE
9,incongruent,489,TRUE
9,congruent,468,TRUE
9,incongruent,848,TRUE
9,congruent,447,TRUE
9,incongruent,587,TRUE
9,incongruent,543,TRUE
9,congruent,494,TRUE
9,incongruent,498,TRUE
9,congruent,448,TRUE
9,tight,545,TRUE
9,loose,671,TRUE
9,tight,434,TRUE
9,loose,643,TRUE
9,loose,420,TRUE
9,loose,439,TRUE
9,tight,1105,TRUE
9,loose,611,TRUE
9,tight,595,TRUE
9,tight,489,TRUE
9,loose,699,TRUE
9,loose,808,TRUE
9,loose,444,TRUE
9,tight,441,TRUE
9,tight,578,TRUE
9,tight,396,TRUE
31,incongruent,null,FALSE
31,congruent,800,TRUE
31,congruent,911,TRUE
31,incongruent,926,TRUE
31,congruent,511,TRUE
31,congruent,580,TRUE
31,incongruent,500,TRUE
31,congruent,460,TRUE
31,incongruent,289,TRUE
31,incongruent,465,TRUE
31,congruent,434,TRUE
31,incongruent,476,TRUE
31,incongruent,617,TRUE
31,congruent,420,TRUE
31,congruent,342,TRUE
31,incongruent,565,TRUE
31,tight,427,TRUE
31,loose,490,TRUE
31,loose,505,TRUE
31,tight,471,TRUE
31,loose,389,TRUE
31,loose,391,TRUE
31,loose,396,TRUE
31,loose,372,TRUE
31,tight,273,TRUE
31,tight,316,FALSE
31,loose,435,TRUE
31,tight,408,TRUE
31,tight,466,TRUE
31,tight,352,TRUE
31,tight,393,TRUE
31,loose,498,TRUE
24,congruent,460,TRUE
24,congruent,474,TRUE
24,incongruent,511,TRUE
24,incongruent,448,TRUE
24,incongruent,436,TRUE
24,incongruent,532,TRUE
24,congruent,428,TRUE
24,congruent,576,TRUE
24,incongruent,515,TRUE
24,congruent,451,TRUE
24,incongruent,516,TRUE
24,incongruent,508,TRUE
24,congruent,348,FALSE
24,congruent,412,TRUE
24,incongruent,353,FALSE
24,congruent,444,TRUE
24,loose,589,TRUE
24,loose,437,TRUE
24,tight,440,TRUE
24,loose,428,TRUE
24,loose,447,TRUE
24,loose,417,TRUE
24,tight,452,FALSE
24,tight,397,TRUE
24,tight,470,TRUE
24,tight,369,TRUE
24,loose,430,TRUE
24,tight,409,TRUE
24,tight,429,TRUE
24,tight,429,TRUE
24,loose,345,TRUE
24,loose,447,TRUE
38,congruent,517,TRUE
38,congruent,559,TRUE
38,incongruent,859,TRUE
38,incongruent,739,TRUE
38,congruent,570,TRUE
38,incongruent,670,TRUE
38,congruent,646,TRUE
38,congruent,619,TRUE
38,incongruent,742,TRUE
38,incongruent,593,TRUE
38,incongruent,753,TRUE
38,congruent,641,TRUE
38,incongruent,1084,TRUE
38,congruent,911,TRUE
38,congruent,559,TRUE
38,incongruent,743,TRUE
38,loose,618,TRUE
38,tight,482,TRUE
38,tight,546,TRUE
38,tight,473,TRUE
38,tight,789,TRUE
38,loose,953,TRUE
38,loose,575,TRUE
38,tight,596,TRUE
38,loose,650,TRUE
38,tight,634,TRUE
38,tight,517,TRUE
38,tight,536,TRUE
38,loose,761,TRUE
38,loose,460,TRUE
38,loose,444,TRUE
38,loose,678,TRUE
14,congruent,719,FALSE
14,incongruent,1146,TRUE
14,congruent,615,TRUE
14,incongruent,441,FALSE
14,incongruent,849,TRUE
14,congruent,519,TRUE
14,congruent,459,TRUE
14,congruent,332,FALSE
14,congruent,644,TRUE
14,congruent,527,TRUE
14,incongruent,606,TRUE
14,congruent,1031,TRUE
14,incongruent,768,TRUE
14,incongruent,461,TRUE
14,incongruent,509,TRUE
14,incongruent,580,TRUE
14,tight,511,TRUE
14,tight,533,TRUE
14,tight,503,TRUE
14,loose,470,TRUE
14,loose,502,TRUE
14,loose,573,TRUE
14,loose,599,TRUE
14,tight,490,TRUE
14,loose,614,TRUE
14,loose,438,TRUE
14,tight,562,TRUE
14,loose,575,TRUE
14,tight,565,TRUE
14,tight,647,TRUE
14,tight,476,TRUE
14,loose,695,TRUE
35,incongruent,709,TRUE
35,congruent,542,TRUE
35,incongruent,643,TRUE
35,congruent,613,TRUE
35,congruent,497,TRUE
35,congruent,464,TRUE
35,incongruent,772,TRUE
35,incongruent,536,TRUE
35,incongruent,519,TRUE
35,congruent,382,TRUE
35,congruent,409,TRUE
35,congruent,429,TRUE
35,incongruent,630,TRUE
35,incongruent,349,FALSE
35,congruent,633,TRUE
35,incongruent,575,TRUE
35,loose,461,TRUE
35,tight,510,TRUE
35,loose,461,TRUE
35,loose,421,TRUE
35,tight,444,TRUE
35,loose,559,TRUE
35,loose,408,TRUE
35,loose,484,TRUE
35,tight,553,TRUE
35,tight,476,TRUE
35,tight,400,TRUE
35,tight,454,TRUE
35,tight,429,TRUE
35,tight,392,TRUE
35,loose,423,TRUE
35,loose,377,TRUE
30,congruent,510,TRUE
30,incongruent,594,TRUE
30,congruent,425,TRUE
30,incongruent,438,TRUE
30,congruent,715,TRUE
30,congruent,505,TRUE
30,congruent,503,TRUE
30,incongruent,591,TRUE
30,congruent,449,TRUE
30,congruent,368,TRUE
30,incongruent,546,TRUE
30,incongruent,690,TRUE
30,incongruent,523,TRUE
30,incongruent,542,TRUE
30,incongruent,570,TRUE
30,congruent,463,TRUE
30,loose,618,TRUE
30,loose,544,TRUE
30,tight,643,TRUE
30,loose,522,TRUE
30,loose,554,TRUE
30,loose,538,TRUE
30,tight,505,TRUE
30,tight,378,TRUE
30,loose,463,TRUE
30,tight,422,TRUE
30,tight,762,TRUE
30,tight,485,TRUE
30,loose,490,TRUE
30,tight,531,TRUE
30,loose,449,TRUE
30,tight,441,TRUE
15,incongruent,null,FALSE
15,congruent,null,FALSE
15,congruent,null,FALSE
15,incongruent,null,FALSE
15,incongruent,null,FALSE
15,incongruent,null,FALSE
15,congruent,null,FALSE
15,incongruent,null,FALSE
15,congruent,null,FALSE
15,congruent,null,FALSE
15,incongruent,null,FALSE
15,incongruent,null,FALSE
15,congruent,null,FALSE
15,congruent,null,FALSE
15,congruent,null,FALSE
15,incongruent,null,FALSE
15,tight,null,FALSE
15,loose,null,FALSE
15,tight,null,FALSE
15,tight,null,FALSE
15,tight,null,FALSE
15,loose,null,FALSE
15,loose,null,FALSE
15,loose,null,FALSE
15,loose,null,FALSE
15,loose,null,FALSE
15,loose,null,FALSE
15,tight,null,FALSE
15,tight,null,FALSE
15,tight,null,FALSE
15,loose,null,FALSE
15,tight,null,FALSE
22,congruent,1162,TRUE
22,incongruent,null,FALSE
22,congruent,578,TRUE
22,congruent,448,TRUE
22,congruent,529,TRUE
22,incongruent,590,FALSE
22,incongruent,628,FALSE
22,incongruent,918,FALSE
22,incongruent,697,FALSE
22,congruent,524,TRUE
22,incongruent,431,FALSE
22,congruent,386,TRUE
22,congruent,539,TRUE
22,incongruent,435,FALSE
22,incongruent,350,FALSE
22,congruent,519,TRUE
22,loose,944,TRUE
22,loose,832,TRUE
22,tight,647,TRUE
22,loose,432,TRUE
22,loose,447,TRUE
22,loose,389,TRUE
22,loose,376,TRUE
22,loose,402,TRUE
22,tight,995,TRUE
22,tight,435,TRUE
22,tight,437,TRUE
22,loose,400,TRUE
22,tight,452,TRUE
22,tight,349,TRUE
22,tight,336,TRUE
22,tight,354,FALSE
4,incongruent,1470,TRUE
4,incongruent,650,TRUE
4,incongruent,607,TRUE
4,congruent,727,TRUE
4,incongruent,721,TRUE
4,incongruent,459,FALSE
4,congruent,696,TRUE
4,congruent,568,TRUE
4,congruent,697,TRUE
4,congruent,682,TRUE
4,congruent,567,TRUE
4,congruent,516,TRUE
4,congruent,597,TRUE
4,incongruent,756,TRUE
4,incongruent,680,TRUE
4,incongruent,543,TRUE
4,loose,811,TRUE
4,loose,474,TRUE
4,tight,718,TRUE
4,loose,655,TRUE
4,tight,874,TRUE
4,loose,501,TRUE
4,loose,539,TRUE
4,tight,574,TRUE
4,tight,482,TRUE
4,tight,580,TRUE
4,loose,386,TRUE
4,loose,514,TRUE
4,tight,454,TRUE
4,tight,353,TRUE
4,tight,410,TRUE
4,loose,337,FALSE
33,congruent,664,TRUE
33,incongruent,912,TRUE
33,incongruent,633,TRUE
33,congruent,511,TRUE
33,incongruent,799,TRUE
33,congruent,551,TRUE
33,incongruent,null,FALSE
33,congruent,857,TRUE
33,congruent,null,FALSE
33,congruent,535,TRUE
33,incongruent,648,TRUE
33,congruent,499,TRUE
33,congruent,551,TRUE
33,incongruent,571,TRUE
33,incongruent,577,TRUE
33,incongruent,567,TRUE
33,loose,981,TRUE
33,tight,1276,TRUE
33,loose,486,TRUE
33,tight,543,TRUE
33,loose,999,TRUE
33,loose,461,TRUE
33,tight,518,TRUE
33,loose,435,TRUE
33,loose,596,TRUE
33,tight,446,TRUE
33,tight,620,TRUE
33,loose,453,TRUE
33,tight,503,TRUE
33,loose,540,TRUE
33,tight,482,TRUE
33,tight,504,TRUE
11,incongruent,1404,FALSE
11,congruent,776,FALSE
11,congruent,721,FALSE
11,incongruent,893,FALSE
11,congruent,570,FALSE
11,incongruent,749,FALSE
11,congruent,635,FALSE
11,congruent,776,FALSE
11,congruent,546,FALSE
11,congruent,662,FALSE
11,incongruent,530,FALSE
11,incongruent,567,FALSE
11,congruent,529,FALSE
11,incongruent,773,FALSE
11,incongruent,713,FALSE
11,incongruent,501,FALSE
11,loose,646,FALSE
11,loose,433,FALSE
11,tight,489,FALSE
11,tight,1004,FALSE
11,loose,743,FALSE
11,tight,532,FALSE
11,tight,412,FALSE
11,loose,772,FALSE
11,tight,801,FALSE
11,loose,342,FALSE
11,tight,513,FALSE
11,tight,438,FALSE
11,loose,452,FALSE
11,loose,641,FALSE
11,tight,555,FALSE
11,loose,422,FALSE
40,congruent,429,TRUE
40,incongruent,490,TRUE
40,incongruent,441,TRUE
40,incongruent,500,TRUE
40,congruent,395,TRUE
40,congruent,478,TRUE
40,incongruent,613,TRUE
40,congruent,446,TRUE
40,incongruent,477,TRUE
40,incongruent,492,TRUE
40,congruent,414,TRUE
40,congruent,368,TRUE
40,incongruent,504,TRUE
40,congruent,373,TRUE
40,congruent,432,TRUE
40,incongruent,451,TRUE
40,tight,362,TRUE
40,tight,443,TRUE
40,loose,448,TRUE
40,loose,330,TRUE
40,tight,572,TRUE
40,tight,333,TRUE
40,tight,393,TRUE
40,loose,388,TRUE
40,loose,369,TRUE
40,loose,298,FALSE
40,loose,355,TRUE
40,loose,352,TRUE
40,tight,313,TRUE
40,loose,655,TRUE
40,tight,381,TRUE
40,tight,362,TRUE
41,congruent,739,TRUE
41,incongruent,498,FALSE
41,congruent,597,TRUE
41,incongruent,561,FALSE
41,congruent,482,TRUE
41,congruent,465,TRUE
41,incongruent,535,FALSE
41,incongruent,124,FALSE
41,congruent,515,TRUE
41,incongruent,1146,TRUE
41,incongruent,526,FALSE
41,congruent,591,TRUE
41,incongruent,736,TRUE
41,congruent,702,TRUE
41,incongruent,566,FALSE
41,congruent,493,TRUE
41,tight,510,TRUE
41,loose,555,TRUE
41,tight,487,TRUE
41,tight,441,TRUE
41,loose,438,TRUE
41,loose,391,TRUE
41,loose,290,TRUE
41,loose,420,FALSE
41,loose,400,FALSE
41,tight,494,TRUE
41,tight,358,TRUE
41,loose,437,TRUE
41,loose,333,FALSE
41,tight,482,TRUE
41,tight,313,TRUE
41,tight,439,TRUE
19,congruent,685,TRUE
19,congruent,523,TRUE
19,incongruent,700,TRUE
19,incongruent,515,TRUE
19,incongruent,555,TRUE
19,congruent,467,TRUE
19,congruent,490,TRUE
19,incongruent,585,TRUE
19,congruent,356,TRUE
19,incongruent,356,FALSE
19,incongruent,569,TRUE
19,incongruent,644,TRUE
19,congruent,476,TRUE
19,congruent,442,TRUE
19,congruent,412,TRUE
19,incongruent,539,TRUE
19,tight,null,FALSE
19,tight,null,FALSE
19,loose,null,FALSE
19,tight,null,FALSE
19,loose,null,FALSE
19,loose,422,TRUE
19,tight,513,TRUE
19,tight,376,TRUE
19,tight,415,TRUE
19,tight,482,TRUE
19,loose,568,TRUE
19,loose,398,TRUE
19,loose,382,TRUE
19,tight,419,TRUE
19,loose,386,TRUE
19,loose,374,TRUE
1,congruent,704,TRUE
1,congruent,494,TRUE
1,congruent,562,TRUE
1,incongruent,5,FALSE
1,congruent,582,TRUE
1,congruent,535,TRUE
1,incongruent,1025,FALSE
1,incongruent,202,FALSE
1,incongruent,500,TRUE
1,incongruent,null,FALSE
1,incongruent,451,FALSE
1,congruent,932,TRUE
1,incongruent,828,FALSE
1,congruent,574,TRUE
1,congruent,534,TRUE
1,incongruent,112,FALSE
1,tight,null,FALSE
1,loose,null,FALSE
1,loose,537,FALSE
1,tight,null,FALSE
1,tight,null,FALSE
1,loose,null,FALSE
1,loose,1049,TRUE
1,tight,null,FALSE
1,tight,1273,TRUE
1,tight,1336,TRUE
1,loose,null,FALSE
1,tight,1102,TRUE
1,loose,null,FALSE
1,tight,814,TRUE
1,loose,1257,TRUE
1,loose,null,FALSE
34,congruent,null,FALSE
34,congruent,1464,TRUE
34,incongruent,1485,FALSE
34,congruent,null,FALSE
34,incongruent,null,FALSE
34,incongruent,1000,TRUE
34,congruent,780,TRUE
34,incongruent,1418,TRUE
34,congruent,null,FALSE
34,congruent,661,TRUE
34,incongruent,null,FALSE
34,congruent,1053,TRUE
34,incongruent,1148,TRUE
34,incongruent,null,FALSE
34,congruent,920,TRUE
34,incongruent,1483,TRUE
34,loose,1293,TRUE
34,loose,1190,TRUE
34,tight,875,TRUE
34,loose,899,TRUE
34,loose,914,TRUE
34,tight,919,TRUE
34,loose,693,TRUE
34,loose,745,TRUE
34,loose,660,TRUE
34,tight,1185,TRUE
34,tight,936,TRUE
34,loose,669,TRUE
34,tight,665,TRUE
34,tight,635,TRUE
34,tight,449,TRUE
34,tight,773,TRUE
29,congruent,1173,TRUE
29,incongruent,499,TRUE
29,incongruent,490,TRUE
29,congruent,452,TRUE
29,congruent,538,TRUE
29,congruent,506,TRUE
29,incongruent,627,TRUE
29,congruent,591,TRUE
29,congruent,332,TRUE
29,incongruent,480,TRUE
29,congruent,482,TRUE
29,incongruent,329,FALSE
29,congruent,631,TRUE
29,incongruent,528,TRUE
29,incongruent,415,TRUE
29,incongruent,497,TRUE
29,tight,515,TRUE
29,loose,580,TRUE
29,loose,622,TRUE
29,tight,488,TRUE
29,loose,454,TRUE
29,tight,641,TRUE
29,loose,544,TRUE
29,loose,420,TRUE
29,loose,551,TRUE
29,tight,544,TRUE
29,tight,458,TRUE
29,tight,463,TRUE
29,tight,393,TRUE
29,loose,463,TRUE
29,tight,568,TRUE
29,loose,498,TRUE
8,congruent,1490,TRUE
8,incongruent,1095,TRUE
8,congruent,493,TRUE
8,incongruent,637,TRUE
8,congruent,1477,TRUE
8,congruent,492,TRUE
8,congruent,539,TRUE
8,incongruent,725,TRUE
8,congruent,709,TRUE
8,incongruent,739,TRUE
8,incongruent,490,TRUE
8,congruent,541,TRUE
8,incongruent,649,TRUE
8,incongruent,532,TRUE
8,congruent,746,TRUE
8,incongruent,746,TRUE
8,loose,null,FALSE
8,tight,967,TRUE
8,tight,528,TRUE
8,tight,558,TRUE
8,tight,651,TRUE
8,tight,853,TRUE
8,loose,1411,TRUE
8,tight,617,TRUE
8,tight,563,TRUE
8,loose,533,TRUE
8,loose,510,TRUE
8,tight,523,TRUE
8,loose,492,TRUE
8,loose,521,TRUE
8,loose,472,TRUE
8,loose,471,TRUE
13,incongruent,987,TRUE
13,incongruent,503,TRUE
13,incongruent,776,TRUE
13,congruent,571,TRUE
13,congruent,888,TRUE
13,congruent,513,TRUE
13,incongruent,812,TRUE
13,congruent,902,TRUE
13,incongruent,749,TRUE
13,congruent,551,TRUE
13,congruent,415,TRUE
13,congruent,807,TRUE
13,congruent,547,TRUE
13,incongruent,596,TRUE
13,incongruent,677,TRUE
13,incongruent,620,TRUE
13,loose,537,TRUE
13,tight,489,TRUE
13,loose,381,TRUE
13,loose,416,TRUE
13,tight,486,TRUE
13,tight,477,TRUE
13,loose,761,TRUE
13,tight,662,TRUE
13,tight,402,TRUE
13,tight,473,TRUE
13,loose,502,TRUE
13,loose,643,TRUE
13,loose,499,TRUE
13,loose,528,TRUE
13,tight,474,TRUE
13,tight,419,TRUE
27,congruent,481,TRUE
27,congruent,245,TRUE
27,congruent,403,TRUE
27,incongruent,289,FALSE
27,incongruent,694,TRUE
27,incongruent,455,TRUE
27,incongruent,406,TRUE
27,incongruent,413,TRUE
27,congruent,366,TRUE
27,incongruent,434,TRUE
27,incongruent,447,TRUE
27,congruent,315,TRUE
27,congruent,356,TRUE
27,congruent,365,TRUE
27,congruent,308,TRUE
27,incongruent,297,FALSE
27,loose,405,TRUE
27,tight,355,TRUE
27,tight,371,TRUE
27,loose,356,TRUE
27,loose,327,TRUE
27,loose,409,TRUE
27,tight,339,TRUE
27,tight,343,TRUE
27,loose,332,TRUE
27,tight,338,TRUE
27,loose,339,FALSE
27,loose,431,TRUE
27,tight,418,TRUE
27,tight,417,TRUE
27,loose,334,FALSE
27,tight,373,TRUE
16,incongruent,1261,FALSE
16,congruent,772,TRUE
16,congruent,505,TRUE
16,incongruent,757,FALSE
16,congruent,599,TRUE
16,congruent,620,TRUE
16,incongruent,815,FALSE
16,congruent,421,TRUE
16,congruent,629,TRUE
16,congruent,483,TRUE
16,incongruent,833,FALSE
16,incongruent,631,FALSE
16,incongruent,627,FALSE
16,incongruent,633,FALSE
16,congruent,667,TRUE
16,incongruent,533,FALSE
16,loose,558,TRUE
16,loose,497,TRUE
16,tight,514,TRUE
16,loose,395,TRUE
16,loose,349,TRUE
16,tight,595,TRUE
16,tight,375,TRUE
16,loose,513,TRUE
16,loose,484,TRUE
16,tight,414,TRUE
16,loose,461,TRUE
16,tight,416,TRUE
16,tight,439,TRUE
16,tight,416,TRUE
16,loose,517,TRUE
16,tight,412,TRUE
28,incongruent,null,FALSE
28,congruent,1036,TRUE
28,congruent,659,TRUE
28,incongruent,846,TRUE
28,incongruent,983,TRUE
28,incongruent,875,TRUE
28,incongruent,845,TRUE
28,incongruent,1241,TRUE
28,congruent,600,TRUE
28,congruent,740,TRUE
28,congruent,527,TRUE
28,congruent,811,TRUE
28,incongruent,787,TRUE
28,congruent,812,TRUE
28,incongruent,769,TRUE
28,congruent,689,TRUE
28,tight,605,TRUE
28,loose,973,TRUE
28,tight,808,TRUE
28,tight,692,TRUE
28,loose,928,TRUE
28,loose,387,TRUE
28,loose,563,TRUE
28,tight,1026,TRUE
28,tight,650,TRUE
28,loose,487,TRUE
28,loose,562,TRUE
28,tight,487,TRUE
28,loose,546,TRUE
28,tight,442,TRUE
28,tight,567,TRUE
28,loose,356,TRUE
21,congruent,1215,TRUE
21,incongruent,993,FALSE
21,incongruent,1446,FALSE
21,congruent,694,TRUE
21,congruent,480,TRUE
21,incongruent,414,FALSE
21,incongruent,542,FALSE
21,incongruent,340,FALSE
21,incongruent,434,FALSE
21,congruent,672,FALSE
21,incongruent,814,FALSE
21,incongruent,553,FALSE
21,congruent,426,TRUE
21,congruent,486,TRUE
21,congruent,350,TRUE
21,congruent,337,TRUE
21,loose,704,TRUE
21,loose,468,TRUE
21,tight,534,TRUE
21,loose,578,TRUE
21,loose,573,TRUE
21,tight,542,TRUE
21,tight,470,TRUE
21,loose,441,TRUE
21,tight,434,FALSE
21,loose,561,TRUE
21,tight,487,TRUE
21,tight,388,TRUE
21,tight,422,TRUE
21,tight,427,TRUE
21,loose,627,TRUE
21,loose,488,TRUE
18,incongruent,null,FALSE
18,congruent,708,TRUE
18,incongruent,689,TRUE
18,congruent,574,TRUE
18,incongruent,850,TRUE
18,congruent,631,TRUE
18,congruent,615,TRUE
18,congruent,660,TRUE
18,congruent,679,TRUE
18,congruent,626,TRUE
18,incongruent,999,TRUE
18,incongruent,534,TRUE
18,incongruent,808,TRUE
18,congruent,633,TRUE
18,incongruent,905,TRUE
18,incongruent,630,TRUE
18,loose,607,TRUE
18,tight,422,TRUE
18,tight,555,TRUE
18,tight,531,TRUE
18,loose,465,TRUE
18,tight,521,TRUE
18,tight,405,TRUE
18,tight,491,TRUE
18,loose,482,TRUE
18,loose,412,TRUE
18,tight,556,TRUE
18,loose,431,TRUE
18,loose,692,TRUE
18,loose,501,TRUE
18,loose,549,TRUE
18,tight,483,TRUE
3,congruent,null,FALSE
3,incongruent,1073,FALSE
3,congruent,936,TRUE
3,congruent,609,TRUE
3,incongruent,763,TRUE
3,congruent,497,TRUE
3,congruent,386,TRUE
3,incongruent,514,FALSE
3,incongruent,627,TRUE
3,incongruent,715,TRUE
3,congruent,471,TRUE
3,incongruent,477,FALSE
3,congruent,429,TRUE
3,congruent,437,TRUE
3,incongruent,337,FALSE
3,incongruent,913,TRUE
3,tight,514,FALSE
3,loose,503,TRUE
3,loose,557,TRUE
3,tight,657,TRUE
3,tight,575,TRUE
3,loose,534,TRUE
3,loose,909,TRUE
3,loose,532,TRUE
3,loose,459,TRUE
3,tight,435,TRUE
3,tight,640,TRUE
3,loose,515,TRUE
3,loose,417,TRUE
3,tight,463,TRUE
3,tight,688,TRUE
3,tight,455,FALSE
2,incongruent,1096,TRUE
2,congruent,594,TRUE
2,incongruent,850,TRUE
2,congruent,613,TRUE
2,congruent,461,TRUE
2,congruent,480,TRUE
2,congruent,414,TRUE
2,congruent,585,TRUE
2,incongruent,702,TRUE
2,incongruent,594,TRUE
2,incongruent,539,TRUE
2,incongruent,566,TRUE
2,congruent,567,TRUE
2,congruent,435,TRUE
2,incongruent,760,TRUE
2,incongruent,605,TRUE
2,tight,963,TRUE
2,loose,903,TRUE
2,loose,859,TRUE
2,tight,516,TRUE
2,loose,520,TRUE
2,loose,455,TRUE
2,tight,500,TRUE
2,tight,564,TRUE
2,tight,428,TRUE
2,tight,403,TRUE
2,loose,531,TRUE
2,loose,514,TRUE
2,tight,597,TRUE
2,loose,434,TRUE
2,loose,455,TRUE
2,tight,481,TRUE
17,incongruent,562,TRUE
17,incongruent,485,TRUE
17,congruent,507,TRUE
17,congruent,471,TRUE
17,congruent,458,TRUE
17,incongruent,484,TRUE
17,incongruent,528,TRUE
17,congruent,414,TRUE
17,incongruent,541,TRUE
17,congruent,430,TRUE
17,incongruent,455,TRUE
17,congruent,500,TRUE
17,congruent,435,TRUE
17,incongruent,445,TRUE
17,incongruent,447,TRUE
17,congruent,354,TRUE
17,tight,419,TRUE
17,tight,468,TRUE
17,loose,440,TRUE
17,loose,410,TRUE
17,tight,505,TRUE
17,tight,432,TRUE
17,loose,392,TRUE
17,tight,427,TRUE
17,tight,478,TRUE
17,loose,471,TRUE
17,loose,422,TRUE
17,loose,417,TRUE
17,tight,533,TRUE
17,loose,430,TRUE
17,tight,523,TRUE
17,loose,448,TRUE
37,incongruent,1001,TRUE
37,congruent,605,TRUE
37,incongruent,540,TRUE
37,congruent,476,TRUE
37,incongruent,548,TRUE
37,incongruent,536,TRUE
37,incongruent,592,TRUE
37,congruent,527,TRUE
37,incongruent,580,TRUE
37,congruent,496,TRUE
37,congruent,489,TRUE
37,incongruent,597,TRUE
37,congruent,609,TRUE
37,congruent,524,TRUE
37,congruent,533,TRUE
37,incongruent,403,TRUE
37,loose,549,TRUE
37,tight,489,TRUE
37,loose,655,TRUE
37,tight,458,TRUE
37,loose,406,TRUE
37,tight,510,TRUE
37,loose,457,TRUE
37,tight,636,TRUE
37,loose,391,TRUE
37,loose,385,TRUE
37,tight,506,TRUE
37,loose,600,TRUE
37,tight,506,TRUE
37,tight,484,TRUE
37,loose,509,TRUE
37,tight,511,TRUE
36,congruent,1447,TRUE
36,congruent,758,TRUE
36,congruent,883,TRUE
36,congruent,707,TRUE
36,incongruent,870,TRUE
36,congruent,747,TRUE
36,incongruent,872,TRUE
36,incongruent,748,TRUE
36,incongruent,767,TRUE
36,incongruent,636,TRUE
36,congruent,691,TRUE
36,congruent,545,TRUE
36,incongruent,690,TRUE
36,incongruent,671,TRUE
36,congruent,562,TRUE
36,incongruent,550,TRUE
36,tight,1396,TRUE
36,loose,757,TRUE
36,tight,525,TRUE
36,tight,454,TRUE
36,loose,440,TRUE
36,loose,466,TRUE
36,loose,558,TRUE
36,loose,382,TRUE
36,tight,480,TRUE
36,loose,531,TRUE
36,tight,383,TRUE
36,tight,463,TRUE
36,tight,535,TRUE
36,loose,575,TRUE
36,tight,524,TRUE
36,loose,506,TRUE
